Generation,Individual,x1,x2,Fitness
0,0,0.907028,2.562413,28.287812
0,1,0.907028,2.562413,28.287812
1,0,0.907028,2.562413,28.287812
1,1,0.907028,2.562413,28.287812
2,0,0.907028,2.562413,28.287812
2,1,0.907028,2.562413,28.287812
3,0,0.907028,0.448213,22.157117
3,1,0.907028,0.448213,22.157117
4,0,0.907028,0.448213,22.157117
4,1,0.907028,0.448213,22.157117
5,0,0.907028,0.448213,22.157117
5,1,0.907028,0.448213,22.157117
6,0,0.907028,0.448213,22.157117
6,1,0.907028,0.448213,22.157117
7,0,0.907028,0.448213,22.157117
7,1,0.907028,0.448213,22.157117
8,0,0.907028,0.448213,22.157117
8,1,0.907028,0.448213,22.157117
9,0,0.907028,-1.757915,15.074122
9,1,0.907028,-1.757915,15.074122
10,0,0.907028,-1.757915,15.074122
10,1,0.907028,-1.757915,15.074122
11,0,0.907028,-1.757915,15.074122
11,1,0.907028,-1.757915,15.074122
12,0,0.907028,-1.757915,15.074122
12,1,0.907028,-1.757915,15.074122
13,0,0.907028,-1.757915,15.074122
13,1,0.907028,-1.757915,15.074122
14,0,0.907028,-1.757915,15.074122
14,1,0.907028,-1.757915,15.074122
15,0,0.907028,-1.757915,15.074122
15,1,0.907028,-1.757915,15.074122
16,0,0.907028,-1.757915,15.074122
16,1,0.907028,-1.757915,15.074122
17,0,0.907028,-2.056805,7.341623
17,1,0.907028,-2.056805,7.341623
18,0,0.907028,-2.056805,7.341623
18,1,0.907028,-2.056805,7.341623
19,0,0.907028,-2.056805,7.341623
19,1,0.907028,-2.056805,7.341623
20,0,0.907028,-2.056805,7.341623
20,1,0.907028,-2.056805,7.341623
21,0,0.907028,-2.056805,7.341623
21,1,0.907028,-2.056805,7.341623
22,0,0.907028,-2.056805,7.341623
22,1,0.907028,-2.056805,7.341623
23,0,0.907028,-2.056805,7.341623
23,1,0.907028,-2.056805,7.341623
24,0,0.907028,-2.056805,7.341623
24,1,0.907028,-2.056805,7.341623
25,0,0.907028,-2.056805,7.341623
25,1,0.907028,-2.056805,7.341623
26,0,0.907028,-2.056805,7.341623
26,1,0.907028,-2.056805,7.341623
27,0,0.907028,-2.056805,7.341623
27,1,0.907028,-2.056805,7.341623
28,0,0.907028,-2.056805,7.341623
28,1,0.907028,-2.056805,7.341623
29,0,0.907028,-2.056805,7.341623
29,1,0.907028,-2.056805,7.341623
30,0,0.907028,-2.056805,7.341623
30,1,0.907028,-2.056805,7.341623
31,0,0.907028,-2.056805,7.341623
31,1,0.907028,-2.056805,7.341623
32,0,0.907028,-2.056805,7.341623
32,1,0.907028,-2.056805,7.341623
33,0,0.907028,-2.056805,7.341623
33,1,0.907028,-2.056805,7.341623
34,0,0.907028,-2.056805,7.341623
34,1,0.907028,-2.056805,7.341623
35,0,0.907028,-2.056805,7.341623
35,1,0.907028,-2.056805,7.341623
36,0,0.907028,-0.984361,3.498163
36,1,0.907028,-0.984361,3.498163
37,0,0.907028,-0.984361,3.498163
37,1,0.907028,-0.984361,3.498163
38,0,0.907028,-0.984361,3.498163
38,1,0.907028,-0.984361,3.498163
39,0,0.907028,-0.984361,3.498163
39,1,0.907028,-0.984361,3.498163
40,0,0.907028,-0.984361,3.498163
40,1,0.907028,-0.984361,3.498163
41,0,0.907028,-0.984361,3.498163
41,1,0.907028,-0.984361,3.498163
42,0,0.907028,-0.984361,3.498163
42,1,0.907028,-0.984361,3.498163
43,0,0.907028,-0.984361,3.498163
43,1,0.907028,-0.984361,3.498163
44,0,0.907028,-0.984361,3.498163
44,1,0.907028,-0.984361,3.498163
45,0,0.907028,-0.984361,3.498163
45,1,0.907028,-0.984361,3.498163
46,0,0.907028,-0.984361,3.498163
46,1,0.907028,-0.984361,3.498163
47,0,0.907028,-0.984361,3.498163
47,1,0.907028,-0.984361,3.498163
48,0,0.907028,-0.984361,3.498163
48,1,0.907028,-0.984361,3.498163
49,0,0.907028,-0.984361,3.498163
49,1,0.907028,-0.984361,3.498163
50,0,0.907028,-0.984361,3.498163
50,1,0.907028,-0.984361,3.498163
51,0,0.907028,-0.984361,3.498163
51,1,0.907028,-0.984361,3.498163
52,0,0.907028,-0.984361,3.498163
52,1,0.907028,-0.984361,3.498163
53,0,-0.066526,-0.984361,1.882579
53,1,-0.066526,-0.984361,1.882579
54,0,-0.066526,-0.984361,1.882579
54,1,-0.066526,-0.984361,1.882579
55,0,-0.066526,-0.984361,1.882579
55,1,-0.066526,-0.984361,1.882579
56,0,-0.066526,-0.984361,1.882579
56,1,-0.066526,-0.984361,1.882579
57,0,-0.066526,-0.984361,1.882579
57,1,-0.066526,-0.984361,1.882579
58,0,-0.066526,0.034462,1.100072
58,1,-0.066526,0.034462,1.100072
59,0,-0.066526,0.034462,1.100072
59,1,-0.066526,0.034462,1.100072
60,0,-0.066526,0.034462,1.100072
60,1,-0.066526,0.034462,1.100072
61,0,-0.066526,0.034462,1.100072
61,1,-0.066526,0.034462,1.100072
62,0,-0.066526,0.034462,1.100072
62,1,-0.066526,0.034462,1.100072
63,0,-0.066526,0.034462,1.100072
63,1,-0.066526,0.034462,1.100072
64,0,-0.066526,0.034462,1.100072
64,1,-0.066526,0.034462,1.100072
65,0,-0.066526,0.034462,1.100072
65,1,-0.066526,0.034462,1.100072
66,0,-0.066526,0.034462,1.100072
66,1,-0.066526,0.034462,1.100072
67,0,-0.066526,0.034462,1.100072
67,1,-0.066526,0.034462,1.100072
68,0,-0.066526,0.034462,1.100072
68,1,-0.066526,0.034462,1.100072
69,0,-0.066526,0.034462,1.100072
69,1,-0.066526,0.034462,1.100072
70,0,-0.066526,0.034462,1.100072
70,1,-0.066526,0.034462,1.100072
71,0,0.011373,0.034462,0.260347
71,1,0.011373,0.034462,0.260347
72,0,0.011373,0.034462,0.260347
72,1,0.011373,0.034462,0.260347
73,0,0.011373,0.034462,0.260347
73,1,0.011373,0.034462,0.260347
74,0,0.011373,0.034462,0.260347
74,1,0.011373,0.034462,0.260347
75,0,0.011373,0.034462,0.260347
75,1,0.011373,0.034462,0.260347
76,0,0.011373,0.034462,0.260347
76,1,0.011373,0.034462,0.260347
77,0,0.011373,0.034462,0.260347
77,1,0.011373,0.034462,0.260347
78,0,0.011373,0.034462,0.260347
78,1,0.011373,0.034462,0.260347
79,0,0.011373,0.034462,0.260347
79,1,0.011373,0.034462,0.260347
80,0,0.011373,0.034462,0.260347
80,1,0.011373,0.034462,0.260347
81,0,0.011373,0.034462,0.260347
81,1,0.011373,0.034462,0.260347
82,0,0.011373,0.034462,0.260347
82,1,0.011373,0.034462,0.260347
83,0,0.011373,0.034462,0.260347
83,1,0.011373,0.034462,0.260347
84,0,0.011373,0.034462,0.260347
84,1,0.011373,0.034462,0.260347
85,0,0.011373,0.034462,0.260347
85,1,0.011373,0.034462,0.260347
86,0,0.011373,0.034462,0.260347
86,1,0.011373,0.034462,0.260347
87,0,0.011373,0.034462,0.260347
87,1,0.011373,0.034462,0.260347
88,0,0.011373,0.034462,0.260347
88,1,0.011373,0.034462,0.260347
89,0,0.011373,0.034462,0.260347
89,1,0.011373,0.034462,0.260347
90,0,0.011373,0.034462,0.260347
90,1,0.011373,0.034462,0.260347
91,0,0.011373,0.034462,0.260347
91,1,0.011373,0.034462,0.260347
92,0,0.011373,0.034462,0.260347
92,1,0.011373,0.034462,0.260347
93,0,0.011373,0.034462,0.260347
93,1,0.011373,0.034462,0.260347
94,0,0.011373,0.034462,0.260347
94,1,0.011373,0.034462,0.260347
95,0,0.011373,0.034462,0.260347
95,1,0.011373,0.034462,0.260347
96,0,0.011373,0.034462,0.260347
96,1,0.011373,0.034462,0.260347
97,0,0.011373,0.034462,0.260347
97,1,0.011373,0.034462,0.260347
98,0,0.011373,0.034462,0.260347
98,1,0.011373,0.034462,0.260347
99,0,0.011373,0.034462,0.260347
99,1,0.011373,0.034462,0.260347
100,0,0.011373,0.034462,0.260347
100,1,0.011373,0.034462,0.260347
101,0,0.011373,0.034462,0.260347
101,1,0.011373,0.034462,0.260347
102,0,0.011373,0.034462,0.260347
102,1,0.011373,0.034462,0.260347
103,0,0.011373,0.034462,0.260347
103,1,0.011373,0.034462,0.260347
104,0,0.011373,0.034462,0.260347
104,1,0.011373,0.034462,0.260347
105,0,0.011373,0.034462,0.260347
105,1,0.011373,0.034462,0.260347
106,0,0.011373,0.034462,0.260347
106,1,0.011373,0.034462,0.260347
107,0,0.011373,0.034462,0.260347
107,1,0.011373,0.034462,0.260347
108,0,0.011373,0.034462,0.260347
108,1,0.011373,0.034462,0.260347
109,0,0.011373,0.034462,0.260347
109,1,0.011373,0.034462,0.260347
110,0,0.011373,0.034462,0.260347
110,1,0.011373,0.034462,0.260347
111,0,0.011373,0.034462,0.260347
111,1,0.011373,0.034462,0.260347
112,0,0.011373,0.034462,0.260347
112,1,0.011373,0.034462,0.260347
113,0,0.011373,0.034462,0.260347
113,1,0.011373,0.034462,0.260347
114,0,0.011373,0.034462,0.260347
114,1,0.011373,0.034462,0.260347
115,0,0.011373,0.034462,0.260347
115,1,0.011373,0.034462,0.260347
116,0,0.011373,0.034462,0.260347
116,1,0.011373,0.034462,0.260347
117,0,0.011373,0.034462,0.260347
117,1,0.011373,0.034462,0.260347
118,0,0.011373,0.034462,0.260347
118,1,0.011373,0.034462,0.260347
119,0,0.011373,0.034462,0.260347
119,1,0.011373,0.034462,0.260347
120,0,0.011373,0.034462,0.260347
120,1,0.011373,0.034462,0.260347
121,0,0.011373,0.034462,0.260347
121,1,0.011373,0.034462,0.260347
122,0,0.011373,0.034462,0.260347
122,1,0.011373,0.034462,0.260347
123,0,0.011373,0.034462,0.260347
123,1,0.011373,0.034462,0.260347
124,0,0.011373,0.034462,0.260347
124,1,0.011373,0.034462,0.260347
125,0,0.011373,0.034462,0.260347
125,1,0.011373,0.034462,0.260347
126,0,0.011373,0.034462,0.260347
126,1,0.011373,0.034462,0.260347
127,0,0.011373,0.034462,0.260347
127,1,0.011373,0.034462,0.260347
128,0,0.011373,0.034462,0.260347
128,1,0.011373,0.034462,0.260347
129,0,0.011373,0.034462,0.260347
129,1,0.011373,0.034462,0.260347
130,0,0.011373,0.034462,0.260347
130,1,0.011373,0.034462,0.260347
131,0,0.011373,0.034462,0.260347
131,1,0.011373,0.034462,0.260347
132,0,0.011373,0.034462,0.260347
132,1,0.011373,0.034462,0.260347
133,0,0.011373,0.034462,0.260347
133,1,0.011373,0.034462,0.260347
134,0,0.011373,0.034462,0.260347
134,1,0.011373,0.034462,0.260347
135,0,0.011373,0.034462,0.260347
135,1,0.011373,0.034462,0.260347
136,0,0.011373,0.034462,0.260347
136,1,0.011373,0.034462,0.260347
137,0,0.011373,0.034462,0.260347
137,1,0.011373,0.034462,0.260347
138,0,0.011373,0.034462,0.260347
138,1,0.011373,0.034462,0.260347
139,0,0.011373,0.034462,0.260347
139,1,0.011373,0.034462,0.260347
140,0,0.011373,0.034462,0.260347
140,1,0.011373,0.034462,0.260347
141,0,0.011373,0.034462,0.260347
141,1,0.011373,0.034462,0.260347
142,0,0.011373,0.034462,0.260347
142,1,0.011373,0.034462,0.260347
143,0,0.011373,0.034462,0.260347
143,1,0.011373,0.034462,0.260347
144,0,0.011373,0.034462,0.260347
144,1,0.011373,0.034462,0.260347
145,0,0.011373,0.034462,0.260347
145,1,0.011373,0.034462,0.260347
146,0,0.011373,0.034462,0.260347
146,1,0.011373,0.034462,0.260347
147,0,0.011373,0.034462,0.260347
147,1,0.011373,0.034462,0.260347
148,0,0.011373,0.034462,0.260347
148,1,0.011373,0.034462,0.260347
149,0,0.011373,0.034462,0.260347
149,1,0.011373,0.034462,0.260347
150,0,0.011373,0.034462,0.260347
150,1,0.011373,0.034462,0.260347
151,0,0.011373,0.034462,0.260347
151,1,0.011373,0.034462,0.260347
152,0,0.011373,0.034462,0.260347
152,1,0.011373,0.034462,0.260347
153,0,0.011373,0.034462,0.260347
153,1,0.011373,0.034462,0.260347
154,0,0.011373,0.034462,0.260347
154,1,0.011373,0.034462,0.260347
155,0,0.011373,0.034462,0.260347
155,1,0.011373,0.034462,0.260347
156,0,0.011373,0.034462,0.260347
156,1,0.011373,0.034462,0.260347
157,0,0.011373,0.034462,0.260347
157,1,0.011373,0.034462,0.260347
158,0,0.011373,0.034462,0.260347
158,1,0.011373,0.034462,0.260347
159,0,0.011373,0.034462,0.260347
159,1,0.011373,0.034462,0.260347
160,0,0.011373,0.034462,0.260347
160,1,0.011373,0.034462,0.260347
161,0,0.011373,0.034462,0.260347
161,1,0.011373,0.034462,0.260347
162,0,0.011373,0.034462,0.260347
162,1,0.011373,0.034462,0.260347
163,0,0.011373,0.034462,0.260347
163,1,0.011373,0.034462,0.260347
164,0,0.011373,0.034462,0.260347
164,1,0.011373,0.034462,0.260347
165,0,0.011373,0.034462,0.260347
165,1,0.011373,0.034462,0.260347
166,0,0.011373,0.034462,0.260347
166,1,0.011373,0.034462,0.260347
167,0,0.011373,0.034462,0.260347
167,1,0.011373,0.034462,0.260347
168,0,0.011373,0.034462,0.260347
168,1,0.011373,0.034462,0.260347
169,0,0.011373,0.034462,0.260347
169,1,0.011373,0.034462,0.260347
170,0,0.011373,0.034462,0.260347
170,1,0.011373,0.034462,0.260347
171,0,0.011373,0.034462,0.260347
171,1,0.011373,0.034462,0.260347
172,0,0.011373,0.034462,0.260347
172,1,0.011373,0.034462,0.260347
173,0,0.011373,0.034462,0.260347
173,1,0.011373,0.034462,0.260347
174,0,0.011373,0.034462,0.260347
174,1,0.011373,0.034462,0.260347
175,0,0.011373,0.034462,0.260347
175,1,0.011373,0.034462,0.260347
176,0,0.011373,0.034462,0.260347
176,1,0.011373,0.034462,0.260347
177,0,0.011373,0.034462,0.260347
177,1,0.011373,0.034462,0.260347
178,0,0.011373,0.034462,0.260347
178,1,0.011373,0.034462,0.260347
179,0,0.011373,0.034462,0.260347
179,1,0.011373,0.034462,0.260347
180,0,0.011373,0.034462,0.260347
180,1,0.011373,0.034462,0.260347
181,0,0.011373,0.034462,0.260347
181,1,0.011373,0.034462,0.260347
182,0,0.011373,0.034462,0.260347
182,1,0.011373,0.034462,0.260347
183,0,0.011373,0.034462,0.260347
183,1,0.011373,0.034462,0.260347
184,0,0.011373,0.034462,0.260347
184,1,0.011373,0.034462,0.260347
185,0,0.011373,0.034462,0.260347
185,1,0.011373,0.034462,0.260347
186,0,0.011373,0.034462,0.260347
186,1,0.011373,0.034462,0.260347
187,0,0.011373,0.034462,0.260347
187,1,0.011373,0.034462,0.260347
188,0,0.011373,0.034462,0.260347
188,1,0.011373,0.034462,0.260347
189,0,0.011373,0.034462,0.260347
189,1,0.011373,0.034462,0.260347
190,0,0.011373,0.034462,0.260347
190,1,0.011373,0.034462,0.260347
191,0,0.011373,0.034462,0.260347
191,1,0.011373,0.034462,0.260347
192,0,0.011373,0.034462,0.260347
192,1,0.011373,0.034462,0.260347
193,0,0.011373,0.034462,0.260347
193,1,0.011373,0.034462,0.260347
194,0,0.011373,0.034462,0.260347
194,1,0.011373,0.034462,0.260347
195,0,0.011373,0.034462,0.260347
195,1,0.011373,0.034462,0.260347
196,0,0.011373,0.034462,0.260347
196,1,0.011373,0.034462,0.260347
197,0,0.011373,0.034462,0.260347
197,1,0.011373,0.034462,0.260347
198,0,0.011373,0.034462,0.260347
198,1,0.011373,0.034462,0.260347
199,0,0.011373,0.034462,0.260347
199,1,0.011373,0.034462,0.260347
200,0,0.011373,0.034462,0.260347
200,1,0.011373,0.034462,0.260347
201,0,0.011373,0.034462,0.260347
201,1,0.011373,0.034462,0.260347
202,0,0.011373,0.034462,0.260347
202,1,0.011373,0.034462,0.260347
203,0,0.011373,0.034462,0.260347
203,1,0.011373,0.034462,0.260347
204,0,0.011373,0.034462,0.260347
204,1,0.011373,0.034462,0.260347
205,0,0.011373,0.034462,0.260347
205,1,0.011373,0.034462,0.260347
206,0,0.011373,0.034462,0.260347
206,1,0.011373,0.034462,0.260347
207,0,0.011373,0.034462,0.260347
207,1,0.011373,0.034462,0.260347
208,0,0.011373,0.034462,0.260347
208,1,0.011373,0.034462,0.260347
209,0,0.011373,0.034462,0.260347
209,1,0.011373,0.034462,0.260347
210,0,0.011373,0.034462,0.260347
210,1,0.011373,0.034462,0.260347
211,0,0.011373,0.034462,0.260347
211,1,0.011373,0.034462,0.260347
212,0,0.011373,0.034462,0.260347
212,1,0.011373,0.034462,0.260347
213,0,0.011373,0.034462,0.260347
213,1,0.011373,0.034462,0.260347
214,0,0.011373,0.034462,0.260347
214,1,0.011373,0.034462,0.260347
215,0,0.011373,0.034462,0.260347
215,1,0.011373,0.034462,0.260347
216,0,0.011373,0.034462,0.260347
216,1,0.011373,0.034462,0.260347
217,0,0.011373,0.034462,0.260347
217,1,0.011373,0.034462,0.260347
218,0,0.011373,0.034462,0.260347
218,1,0.011373,0.034462,0.260347
219,0,0.011373,0.034462,0.260347
219,1,0.011373,0.034462,0.260347
220,0,0.011373,0.034462,0.260347
220,1,0.011373,0.034462,0.260347
221,0,0.011373,0.034462,0.260347
221,1,0.011373,0.034462,0.260347
222,0,0.011373,0.034462,0.260347
222,1,0.011373,0.034462,0.260347
223,0,0.011373,0.034462,0.260347
223,1,0.011373,0.034462,0.260347
224,0,0.011373,0.034462,0.260347
224,1,0.011373,0.034462,0.260347
225,0,0.011373,0.034462,0.260347
225,1,0.011373,0.034462,0.260347
226,0,0.011373,0.034462,0.260347
226,1,0.011373,0.034462,0.260347
227,0,0.011373,0.034462,0.260347
227,1,0.011373,0.034462,0.260347
228,0,0.011373,0.034462,0.260347
228,1,0.011373,0.034462,0.260347
229,0,0.011373,0.034462,0.260347
229,1,0.011373,0.034462,0.260347
230,0,0.011373,0.034462,0.260347
230,1,0.011373,0.034462,0.260347
231,0,0.011373,0.034462,0.260347
231,1,0.011373,0.034462,0.260347
232,0,0.011373,0.034462,0.260347
232,1,0.011373,0.034462,0.260347
233,0,0.011373,0.034462,0.260347
233,1,0.011373,0.034462,0.260347
234,0,0.011373,0.034462,0.260347
234,1,0.011373,0.034462,0.260347
235,0,0.011373,0.034462,0.260347
235,1,0.011373,0.034462,0.260347
236,0,0.011373,0.034462,0.260347
236,1,0.011373,0.034462,0.260347
237,0,0.011373,0.034462,0.260347
237,1,0.011373,0.034462,0.260347
238,0,0.011373,0.034462,0.260347
238,1,0.011373,0.034462,0.260347
239,0,0.011373,0.034462,0.260347
239,1,0.011373,0.034462,0.260347
240,0,0.011373,0.034462,0.260347
240,1,0.011373,0.034462,0.260347
241,0,0.011373,0.034462,0.260347
241,1,0.011373,0.034462,0.260347
242,0,0.011373,0.034462,0.260347
242,1,0.011373,0.034462,0.260347
243,0,0.011373,0.034462,0.260347
243,1,0.011373,0.034462,0.260347
244,0,0.011373,0.034462,0.260347
244,1,0.011373,0.034462,0.260347
245,0,0.011373,0.034462,0.260347
245,1,0.011373,0.034462,0.260347
246,0,0.011373,0.034462,0.260347
246,1,0.011373,0.034462,0.260347
247,0,0.011373,0.034462,0.260347
247,1,0.011373,0.034462,0.260347
248,0,0.011373,0.034462,0.260347
248,1,0.011373,0.034462,0.260347
249,0,0.011373,0.034462,0.260347
249,1,0.011373,0.034462,0.260347
250,0,0.011373,0.034462,0.260347
250,1,0.011373,0.034462,0.260347
251,0,0.011373,0.034462,0.260347
251,1,0.011373,0.034462,0.260347
252,0,0.011373,0.034462,0.260347
252,1,0.011373,0.034462,0.260347
253,0,0.011373,0.034462,0.260347
253,1,0.011373,0.034462,0.260347
254,0,0.011373,0.034462,0.260347
254,1,0.011373,0.034462,0.260347
255,0,0.011373,0.034462,0.260347
255,1,0.011373,0.034462,0.260347
256,0,0.011373,0.034462,0.260347
256,1,0.011373,0.034462,0.260347
257,0,0.011373,0.034462,0.260347
257,1,0.011373,0.034462,0.260347
258,0,0.011373,0.034462,0.260347
258,1,0.011373,0.034462,0.260347
259,0,0.011373,0.034462,0.260347
259,1,0.011373,0.034462,0.260347
260,0,0.011373,0.034462,0.260347
260,1,0.011373,0.034462,0.260347
261,0,0.011373,0.034462,0.260347
261,1,0.011373,0.034462,0.260347
262,0,0.011373,0.034462,0.260347
262,1,0.011373,0.034462,0.260347
263,0,0.011373,0.034462,0.260347
263,1,0.011373,0.034462,0.260347
264,0,0.011373,0.034462,0.260347
264,1,0.011373,0.034462,0.260347
265,0,0.011373,0.034462,0.260347
265,1,0.011373,0.034462,0.260347
266,0,0.011373,0.034462,0.260347
266,1,0.011373,0.034462,0.260347
267,0,0.011373,0.034462,0.260347
267,1,0.011373,0.034462,0.260347
268,0,0.011373,0.034462,0.260347
268,1,0.011373,0.034462,0.260347
269,0,0.011373,0.034462,0.260347
269,1,0.011373,0.034462,0.260347
270,0,0.011373,0.034462,0.260347
270,1,0.011373,0.034462,0.260347
271,0,0.011373,0.034462,0.260347
271,1,0.011373,0.034462,0.260347
272,0,0.011373,0.034462,0.260347
272,1,0.011373,0.034462,0.260347
273,0,0.011373,0.034462,0.260347
273,1,0.011373,0.034462,0.260347
274,0,0.011373,0.034462,0.260347
274,1,0.011373,0.034462,0.260347
275,0,0.011373,0.034462,0.260347
275,1,0.011373,0.034462,0.260347
276,0,0.011373,0.034462,0.260347
276,1,0.011373,0.034462,0.260347
277,0,0.011373,0.034462,0.260347
277,1,0.011373,0.034462,0.260347
278,0,0.011373,0.034462,0.260347
278,1,0.011373,0.034462,0.260347
279,0,0.011373,0.034462,0.260347
279,1,0.011373,0.034462,0.260347
280,0,0.011373,0.034462,0.260347
280,1,0.011373,0.034462,0.260347
281,0,0.011373,0.034462,0.260347
281,1,0.011373,0.034462,0.260347
282,0,0.011373,0.034462,0.260347
282,1,0.011373,0.034462,0.260347
283,0,0.011373,0.034462,0.260347
283,1,0.011373,0.034462,0.260347
284,0,0.011373,0.034462,0.260347
284,1,0.011373,0.034462,0.260347
285,0,0.011373,0.034462,0.260347
285,1,0.011373,0.034462,0.260347
286,0,0.011373,0.034462,0.260347
286,1,0.011373,0.034462,0.260347
287,0,0.011373,0.034462,0.260347
287,1,0.011373,0.034462,0.260347
288,0,0.011373,0.034462,0.260347
288,1,0.011373,0.034462,0.260347
289,0,0.011373,0.034462,0.260347
289,1,0.011373,0.034462,0.260347
290,0,0.011373,0.034462,0.260347
290,1,0.011373,0.034462,0.260347
291,0,0.011373,0.034462,0.260347
291,1,0.011373,0.034462,0.260347
292,0,0.011373,0.034462,0.260347
292,1,0.011373,0.034462,0.260347
293,0,0.011373,0.034462,0.260347
293,1,0.011373,0.034462,0.260347
294,0,0.011373,0.034462,0.260347
294,1,0.011373,0.034462,0.260347
295,0,0.011373,0.034462,0.260347
295,1,0.011373,0.034462,0.260347
296,0,0.011373,0.034462,0.260347
296,1,0.011373,0.034462,0.260347
297,0,0.011373,0.034462,0.260347
297,1,0.011373,0.034462,0.260347
298,0,0.011373,0.034462,0.260347
298,1,0.011373,0.034462,0.260347
299,0,0.011373,0.034462,0.260347
299,1,0.011373,0.034462,0.260347
300,0,0.011373,0.034462,0.260347
300,1,0.011373,0.034462,0.260347
301,0,0.011373,0.034462,0.260347
301,1,0.011373,0.034462,0.260347
302,0,0.011373,0.034462,0.260347
302,1,0.011373,0.034462,0.260347
303,0,0.011373,0.034462,0.260347
303,1,0.011373,0.034462,0.260347
304,0,0.011373,0.034462,0.260347
304,1,0.011373,0.034462,0.260347
305,0,0.011373,0.034462,0.260347
305,1,0.011373,0.034462,0.260347
306,0,0.011373,0.034462,0.260347
306,1,0.011373,0.034462,0.260347
307,0,0.011373,0.034462,0.260347
307,1,0.011373,0.034462,0.260347
308,0,0.011373,0.034462,0.260347
308,1,0.011373,0.034462,0.260347
309,0,0.011373,0.034462,0.260347
309,1,0.011373,0.034462,0.260347
310,0,0.011373,0.034462,0.260347
310,1,0.011373,0.034462,0.260347
311,0,0.011373,0.034462,0.260347
311,1,0.011373,0.034462,0.260347
312,0,0.011373,0.034462,0.260347
312,1,0.011373,0.034462,0.260347
313,0,0.011373,0.034462,0.260347
313,1,0.011373,0.034462,0.260347
314,0,0.011373,0.034462,0.260347
314,1,0.011373,0.034462,0.260347
315,0,0.011373,0.034462,0.260347
315,1,0.011373,0.034462,0.260347
316,0,0.011373,0.034462,0.260347
316,1,0.011373,0.034462,0.260347
317,0,0.011373,0.034462,0.260347
317,1,0.011373,0.034462,0.260347
318,0,0.011373,0.034462,0.260347
318,1,0.011373,0.034462,0.260347
319,0,0.011373,0.034462,0.260347
319,1,0.011373,0.034462,0.260347
320,0,0.011373,0.034462,0.260347
320,1,0.011373,0.034462,0.260347
321,0,0.011373,0.034462,0.260347
321,1,0.011373,0.034462,0.260347
322,0,0.011373,0.034462,0.260347
322,1,0.011373,0.034462,0.260347
323,0,0.011373,0.034462,0.260347
323,1,0.011373,0.034462,0.260347
324,0,0.011373,0.034462,0.260347
324,1,0.011373,0.034462,0.260347
325,0,0.011373,0.034462,0.260347
325,1,0.011373,0.034462,0.260347
326,0,0.011373,0.034462,0.260347
326,1,0.011373,0.034462,0.260347
327,0,0.011373,0.034462,0.260347
327,1,0.011373,0.034462,0.260347
328,0,0.011373,0.034462,0.260347
328,1,0.011373,0.034462,0.260347
329,0,0.011373,0.034462,0.260347
329,1,0.011373,0.034462,0.260347
330,0,0.011373,0.034462,0.260347
330,1,0.011373,0.034462,0.260347
331,0,0.011373,0.034462,0.260347
331,1,0.011373,0.034462,0.260347
332,0,0.011373,0.034462,0.260347
332,1,0.011373,0.034462,0.260347
333,0,0.011373,0.034462,0.260347
333,1,0.011373,0.034462,0.260347
334,0,0.011373,0.034462,0.260347
334,1,0.011373,0.034462,0.260347
335,0,0.011373,0.034462,0.260347
335,1,0.011373,0.034462,0.260347
336,0,0.011373,0.034462,0.260347
336,1,0.011373,0.034462,0.260347
337,0,0.011373,0.034462,0.260347
337,1,0.011373,0.034462,0.260347
338,0,0.011373,0.034462,0.260347
338,1,0.011373,0.034462,0.260347
339,0,0.011373,0.034462,0.260347
339,1,0.011373,0.034462,0.260347
340,0,0.011373,0.034462,0.260347
340,1,0.011373,0.034462,0.260347
341,0,0.011373,0.034462,0.260347
341,1,0.011373,0.034462,0.260347
342,0,0.011373,0.034462,0.260347
342,1,0.011373,0.034462,0.260347
343,0,0.011373,0.034462,0.260347
343,1,0.011373,0.034462,0.260347
344,0,0.011373,0.034462,0.260347
344,1,0.011373,0.034462,0.260347
345,0,0.011373,0.034462,0.260347
345,1,0.011373,0.034462,0.260347
346,0,0.011373,0.034462,0.260347
346,1,0.011373,0.034462,0.260347
347,0,0.011373,0.034462,0.260347
347,1,0.011373,0.034462,0.260347
348,0,0.011373,0.034462,0.260347
348,1,0.011373,0.034462,0.260347
349,0,0.011373,0.034462,0.260347
349,1,0.011373,0.034462,0.260347
350,0,0.011373,0.034462,0.260347
350,1,0.011373,0.034462,0.260347
351,0,0.011373,0.034462,0.260347
351,1,0.011373,0.034462,0.260347
352,0,0.011373,0.034462,0.260347
352,1,0.011373,0.034462,0.260347
353,0,0.011373,0.034462,0.260347
353,1,0.011373,0.034462,0.260347
354,0,0.011373,0.034462,0.260347
354,1,0.011373,0.034462,0.260347
355,0,0.011373,0.034462,0.260347
355,1,0.011373,0.034462,0.260347
356,0,0.011373,0.034462,0.260347
356,1,0.011373,0.034462,0.260347
357,0,0.011373,0.034462,0.260347
357,1,0.011373,0.034462,0.260347
358,0,0.011373,0.034462,0.260347
358,1,0.011373,0.034462,0.260347
359,0,0.011373,0.034462,0.260347
359,1,0.011373,0.034462,0.260347
360,0,0.011373,0.034462,0.260347
360,1,0.011373,0.034462,0.260347
361,0,0.011373,0.034462,0.260347
361,1,0.011373,0.034462,0.260347
362,0,0.011373,0.034462,0.260347
362,1,0.011373,0.034462,0.260347
363,0,0.011373,0.034462,0.260347
363,1,0.011373,0.034462,0.260347
364,0,0.011373,0.034462,0.260347
364,1,0.011373,0.034462,0.260347
365,0,0.011373,0.034462,0.260347
365,1,0.011373,0.034462,0.260347
366,0,0.011373,0.034462,0.260347
366,1,0.011373,0.034462,0.260347
367,0,0.011373,0.034462,0.260347
367,1,0.011373,0.034462,0.260347
368,0,0.011373,0.034462,0.260347
368,1,0.011373,0.034462,0.260347
369,0,0.011373,0.034462,0.260347
369,1,0.011373,0.034462,0.260347
370,0,0.011373,0.034462,0.260347
370,1,0.011373,0.034462,0.260347
371,0,0.011373,0.034462,0.260347
371,1,0.011373,0.034462,0.260347
372,0,0.011373,0.034462,0.260347
372,1,0.011373,0.034462,0.260347
373,0,0.011373,0.034462,0.260347
373,1,0.011373,0.034462,0.260347
374,0,0.011373,0.034462,0.260347
374,1,0.011373,0.034462,0.260347
375,0,0.011373,0.034462,0.260347
375,1,0.011373,0.034462,0.260347
376,0,0.011373,0.034462,0.260347
376,1,0.011373,0.034462,0.260347
377,0,0.011373,0.034462,0.260347
377,1,0.011373,0.034462,0.260347
378,0,0.011373,0.034462,0.260347
378,1,0.011373,0.034462,0.260347
379,0,0.011373,0.034462,0.260347
379,1,0.011373,0.034462,0.260347
380,0,0.011373,0.034462,0.260347
380,1,0.011373,0.034462,0.260347
381,0,0.011373,0.034462,0.260347
381,1,0.011373,0.034462,0.260347
382,0,0.011373,0.034462,0.260347
382,1,0.011373,0.034462,0.260347
383,0,0.011373,0.034462,0.260347
383,1,0.011373,0.034462,0.260347
384,0,0.011373,0.034462,0.260347
384,1,0.011373,0.034462,0.260347
385,0,0.011373,0.034462,0.260347
385,1,0.011373,0.034462,0.260347
386,0,0.011373,0.034462,0.260347
386,1,0.011373,0.034462,0.260347
387,0,0.011373,0.034462,0.260347
387,1,0.011373,0.034462,0.260347
388,0,0.011373,0.034462,0.260347
388,1,0.011373,0.034462,0.260347
389,0,0.011373,0.034462,0.260347
389,1,0.011373,0.034462,0.260347
390,0,0.011373,0.034462,0.260347
390,1,0.011373,0.034462,0.260347
391,0,0.011373,0.034462,0.260347
391,1,0.011373,0.034462,0.260347
392,0,0.011373,0.034462,0.260347
392,1,0.011373,0.034462,0.260347
393,0,0.011373,0.034462,0.260347
393,1,0.011373,0.034462,0.260347
394,0,0.011373,0.034462,0.260347
394,1,0.011373,0.034462,0.260347
395,0,0.011373,0.034462,0.260347
395,1,0.011373,0.034462,0.260347
396,0,0.011373,0.034462,0.260347
396,1,0.011373,0.034462,0.260347
397,0,0.011373,0.034462,0.260347
397,1,0.011373,0.034462,0.260347
398,0,0.011373,0.034462,0.260347
398,1,0.011373,0.034462,0.260347
399,0,0.011373,0.034462,0.260347
399,1,0.011373,0.034462,0.260347
400,0,0.011373,0.034462,0.260347
400,1,0.011373,0.034462,0.260347
401,0,0.011373,0.034462,0.260347
401,1,0.011373,0.034462,0.260347
402,0,0.011373,0.034462,0.260347
402,1,0.011373,0.034462,0.260347
403,0,0.011373,0.034462,0.260347
403,1,0.011373,0.034462,0.260347
404,0,0.011373,0.034462,0.260347
404,1,0.011373,0.034462,0.260347
405,0,0.011373,0.034462,0.260347
405,1,0.011373,0.034462,0.260347
406,0,0.011373,0.034462,0.260347
406,1,0.011373,0.034462,0.260347
407,0,0.011373,0.034462,0.260347
407,1,0.011373,0.034462,0.260347
408,0,0.011373,0.034462,0.260347
408,1,0.011373,0.034462,0.260347
409,0,0.011373,0.034462,0.260347
409,1,0.011373,0.034462,0.260347
410,0,0.011373,0.034462,0.260347
410,1,0.011373,0.034462,0.260347
411,0,0.011373,0.034462,0.260347
411,1,0.011373,0.034462,0.260347
412,0,0.011373,0.034462,0.260347
412,1,0.011373,0.034462,0.260347
413,0,0.011373,0.034462,0.260347
413,1,0.011373,0.034462,0.260347
414,0,0.011373,0.034462,0.260347
414,1,0.011373,0.034462,0.260347
415,0,0.011373,0.034462,0.260347
415,1,0.011373,0.034462,0.260347
416,0,0.011373,0.034462,0.260347
416,1,0.011373,0.034462,0.260347
417,0,0.011373,0.034462,0.260347
417,1,0.011373,0.034462,0.260347
418,0,0.011373,0.034462,0.260347
418,1,0.011373,0.034462,0.260347
419,0,0.011373,0.034462,0.260347
419,1,0.011373,0.034462,0.260347
420,0,0.011373,0.034462,0.260347
420,1,0.011373,0.034462,0.260347
421,0,0.011373,0.034462,0.260347
421,1,0.011373,0.034462,0.260347
422,0,0.011373,0.034462,0.260347
422,1,0.011373,0.034462,0.260347
423,0,0.011373,0.034462,0.260347
423,1,0.011373,0.034462,0.260347
424,0,0.011373,0.034462,0.260347
424,1,0.011373,0.034462,0.260347
425,0,0.011373,0.034462,0.260347
425,1,0.011373,0.034462,0.260347
426,0,0.011373,0.034462,0.260347
426,1,0.011373,0.034462,0.260347
427,0,0.011373,0.034462,0.260347
427,1,0.011373,0.034462,0.260347
428,0,0.011373,0.034462,0.260347
428,1,0.011373,0.034462,0.260347
429,0,0.011373,0.034462,0.260347
429,1,0.011373,0.034462,0.260347
430,0,0.011373,0.034462,0.260347
430,1,0.011373,0.034462,0.260347
431,0,0.011373,0.034462,0.260347
431,1,0.011373,0.034462,0.260347
432,0,0.011373,0.034462,0.260347
432,1,0.011373,0.034462,0.260347
433,0,0.011373,0.034462,0.260347
433,1,0.011373,0.034462,0.260347
434,0,0.011373,0.034462,0.260347
434,1,0.011373,0.034462,0.260347
435,0,0.011373,0.034462,0.260347
435,1,0.011373,0.034462,0.260347
436,0,0.011373,0.034462,0.260347
436,1,0.011373,0.034462,0.260347
437,0,0.011373,0.034462,0.260347
437,1,0.011373,0.034462,0.260347
438,0,0.011373,0.034462,0.260347
438,1,0.011373,0.034462,0.260347
439,0,0.011373,0.034462,0.260347
439,1,0.011373,0.034462,0.260347
440,0,0.011373,0.034462,0.260347
440,1,0.011373,0.034462,0.260347
441,0,0.011373,0.034462,0.260347
441,1,0.011373,0.034462,0.260347
442,0,0.011373,0.034462,0.260347
442,1,0.011373,0.034462,0.260347
443,0,0.011373,0.034462,0.260347
443,1,0.011373,0.034462,0.260347
444,0,0.011373,0.034462,0.260347
444,1,0.011373,0.034462,0.260347
445,0,0.011373,0.034462,0.260347
445,1,0.011373,0.034462,0.260347
446,0,0.011373,0.034462,0.260347
446,1,0.011373,0.034462,0.260347
447,0,0.011373,0.034462,0.260347
447,1,0.011373,0.034462,0.260347
448,0,0.011373,0.034462,0.260347
448,1,0.011373,0.034462,0.260347
449,0,0.011373,0.034462,0.260347
449,1,0.011373,0.034462,0.260347
450,0,0.011373,0.034462,0.260347
450,1,0.011373,0.034462,0.260347
451,0,0.011373,0.034462,0.260347
451,1,0.011373,0.034462,0.260347
452,0,0.011373,0.034462,0.260347
452,1,0.011373,0.034462,0.260347
453,0,0.011373,0.034462,0.260347
453,1,0.011373,0.034462,0.260347
454,0,0.011373,0.034462,0.260347
454,1,0.011373,0.034462,0.260347
455,0,0.011373,0.034462,0.260347
455,1,0.011373,0.034462,0.260347
456,0,0.011373,0.034462,0.260347
456,1,0.011373,0.034462,0.260347
457,0,0.011373,0.034462,0.260347
457,1,0.011373,0.034462,0.260347
458,0,0.011373,0.034462,0.260347
458,1,0.011373,0.034462,0.260347
459,0,0.011373,0.034462,0.260347
459,1,0.011373,0.034462,0.260347
460,0,0.011373,0.034462,0.260347
460,1,0.011373,0.034462,0.260347
461,0,0.011373,0.034462,0.260347
461,1,0.011373,0.034462,0.260347
462,0,0.011373,0.034462,0.260347
462,1,0.011373,0.034462,0.260347
463,0,0.011373,0.034462,0.260347
463,1,0.011373,0.034462,0.260347
464,0,0.011373,0.034462,0.260347
464,1,0.011373,0.034462,0.260347
465,0,0.011373,0.034462,0.260347
465,1,0.011373,0.034462,0.260347
466,0,0.011373,0.034462,0.260347
466,1,0.011373,0.034462,0.260347
467,0,0.011373,0.034462,0.260347
467,1,0.011373,0.034462,0.260347
468,0,0.011373,0.034462,0.260347
468,1,0.011373,0.034462,0.260347
469,0,0.011373,0.034462,0.260347
469,1,0.011373,0.034462,0.260347
470,0,0.011373,0.034462,0.260347
470,1,0.011373,0.034462,0.260347
471,0,0.011373,0.034462,0.260347
471,1,0.011373,0.034462,0.260347
472,0,0.011373,0.034462,0.260347
472,1,0.011373,0.034462,0.260347
473,0,0.011373,0.034462,0.260347
473,1,0.011373,0.034462,0.260347
474,0,0.011373,0.034462,0.260347
474,1,0.011373,0.034462,0.260347
475,0,0.011373,0.034462,0.260347
475,1,0.011373,0.034462,0.260347
476,0,0.011373,0.034462,0.260347
476,1,0.011373,0.034462,0.260347
477,0,0.011373,0.034462,0.260347
477,1,0.011373,0.034462,0.260347
478,0,0.011373,0.034462,0.260347
478,1,0.011373,0.034462,0.260347
479,0,0.011373,0.034462,0.260347
479,1,0.011373,0.034462,0.260347
480,0,0.011373,0.034462,0.260347
480,1,0.011373,0.034462,0.260347
481,0,0.011373,0.034462,0.260347
481,1,0.011373,0.034462,0.260347
482,0,0.011373,0.034462,0.260347
482,1,0.011373,0.034462,0.260347
483,0,0.011373,0.034462,0.260347
483,1,0.011373,0.034462,0.260347
484,0,0.011373,0.034462,0.260347
484,1,0.011373,0.034462,0.260347
485,0,0.011373,0.034462,0.260347
485,1,0.011373,0.034462,0.260347
486,0,0.011373,0.034462,0.260347
486,1,0.011373,0.034462,0.260347
487,0,0.011373,0.034462,0.260347
487,1,0.011373,0.034462,0.260347
488,0,0.011373,0.034462,0.260347
488,1,0.011373,0.034462,0.260347
489,0,0.011373,0.034462,0.260347
489,1,0.011373,0.034462,0.260347
490,0,0.011373,0.034462,0.260347
490,1,0.011373,0.034462,0.260347
491,0,0.011373,0.034462,0.260347
491,1,0.011373,0.034462,0.260347
492,0,0.011373,0.034462,0.260347
492,1,0.011373,0.034462,0.260347
493,0,0.011373,0.034462,0.260347
493,1,0.011373,0.034462,0.260347
494,0,0.011373,0.034462,0.260347
494,1,0.011373,0.034462,0.260347
495,0,0.011373,0.034462,0.260347
495,1,0.011373,0.034462,0.260347
496,0,0.011373,0.034462,0.260347
496,1,0.011373,0.034462,0.260347
497,0,0.011373,0.034462,0.260347
497,1,0.011373,0.034462,0.260347
498,0,0.011373,0.034462,0.260347
498,1,0.011373,0.034462,0.260347
499,0,0.011373,0.034462,0.260347
499,1,0.011373,0.034462,0.260347
